ListPrices,PricePaid,Title
,2339.52,"Radar, 8.4 Color, 36mi., 4KW 19 Dome"
,35.99,"Toys for 3-15 Year Old Boys Girls, CONNECOM Rechargeable Walkie Talkies for Kids 22 Channels 2 Way Radio Toy, Best Gifts for Boys and Girls to Outdoor, Camping, Hiking, Adventure Game"
,19.97,Kids Walkie Talkies with LCD Display - Kid Toys Gifts for 5-13 Year Old Boys Girls Children - GLCONN 22 Channels 2 Way Radio - Pink Todder Walkie Talkies for Kids - 2 Pack
$699.95 ,699.95,"Escort MAX 360c MKII Laser Radar Detector - Dual-Band Wi-Fi and Bluetooth Enabled, 360° Directional Arrows, Exceptional Range, Shared Alerts, Drive Smarter App, Black"
,1839.99,"Raymarine Quantum Radar (Wi-Fi) with Power Cable, 18"""
,23.99,"Kids Toys for 3-12 Year Old Boys Girls CONNECOM FRS Walkie Talkies for Kids Best Gifts for Boys and Girls Walkie Talky Radios for Children Two Way Radio Pair for Outside Adventure, Hiking, Camping"
$529.99 ,429.99,"SAMSUNG Galaxy Tab S7 FE 12.4” 64GB WiFi Android Tablet w/ S Pen Included, Large Screen, Multi Device Connectivity, Long Lasting Battery, 2021, ‎SM-T733NLIAXAR, Mystic Pink"
,59.99,"Srhythm NC25 Active Noise Cancelling Headphones Bluetooth 5.0,ANC Stereo Headset Over-Ear with Hi-Fi,Mic,50H Playtime,Voice Assistant,Low Latency Game Mode"
,669.95,"K40 Electronics Platinum100 Portable Radar Detector for Cars and Wireless Remote Control Bundle, GPS, Long Range Detection, OLED Display, Voice Alerts, Advanced False Alert Filtering"
,44.65,Amazon Basics 8-Sheet Cross Cut Paper Shredder and Credit Card Shredder with 4.1 Gallon Bin
,8.09,"Amazon Basics High-Speed HDMI Cable (18 Gbps, 4K/60Hz) - 6 Feet, Black"
,,"Amazon Basics 8-Sheet Strip-Cut Paper, CD, and Credit Card Shredder"
,,"Amazon Basics 36 Pack AAA High-Performance Alkaline Batteries, 10-Year Shelf Life, Easy to Open Value Pack"
,,"HP 2023 11"" HD IPS Laptop, Windows 11, Intel Celeron Processor Up to 2.60GHz, 4GB RAM, 64GB SSD, Intel 4K Graphics, Ultra-Fast WiFi Speed, Dale White (Renewed)"
,269,"2022 Newest Lenovo IdeaPad 1 Laptop, 14"" Anti-Glare Display, Intel Quad-Core Processor, Intel UHD Graphics, 4GB RAM, 256GB PCIe SSD, Windows 11 + Microfiber Cloth"
$449.99 ,399,"GoPro HERO10 Black - Waterproof Action Camera with Front LCD and Touch Rear Screens, 5.3K60 Ultra HD Video, 23MP Photos, 1080p Live Streaming, Webcam, Stabilization"
$104.99 ,96.25,"Logitech StreamCam, Live Streaming Webcam, Full 1080p HD 60fps Vertical Video, Smart auto Focus and Exposure, Dual Camera-Mount Versatility, with USB-C, for YouTube, Gaming Twitch, PC/Mac - White"
$49.99 ,27.95,"Logitech C310 HD Webcam, 720p/30fps, Widescreen HD Video Calling, HD Light Correction, Noise-Reducing Mic, For Skype, FaceTime, Hangouts, WebEx, PC/Mac/Laptop/Macbook/Tablet - Black"
$69.99 ,29.99,"Logitech HD Laptop Webcam C615 with Fold-and-Go Design, 360-Degree Swivel, 1080p Camera"
,24,"Logitech Hd Webcam C270, 720p Widescreen Video Calling & Recording (960-000694), 3.15 Lb"
$99.99 ,94.89,Logitech C922x Pro Stream Webcam – Full 1080p HD Camera
$49.99 ,24,"Logitech C270 HD Webcam, 720p/30fps, Widescreen HD Video Calling, HD Light Correction, Noise-Reducing Mic, for Skype, FaceTime, Hangouts, WebEx, PC/Mac/Laptop/MacBook/Tablet - Black"
,1298,Sony RX100 VII Premium Compact Camera with 1.0-type stacked CMOS sensor (DSCRX100M7)
,2199.99,Fujifilm X100V Digital Camera - Silver
,25.99,"IOIOTCO Security Camera 2K Cameras for Home Security with Night Vision, Two-Way Audio, Motion Detection, Phone APP, Remote Contol Indoor WiFi Camera, Ideal for Baby Monitor/ Pet Camera"
$179.99 ,127.49,"4K Video Camera Camcorder 48MP UHD WiFi IR Night Vision Vlogging Camera for YouTube 16X Digital Zoom Touch Screen Camera Recorder with Microphone, Handheld Stabilizer, Lens Hood, Remote,2 Batteries"
$897.99 ,847.99,"Panasonic LUMIX FZ1000 II 20.1MP Digital Camera, 16x 25-400mm LEICA DC Lens, 4K Video, Optical Image Stabilizer and 3.0-inch Display – Point and Shoot Camera - DC-FZ1000M2 (Black)"
,1549,Fujifilm X-T4 Mirrorless Camera Body - Black
"$2,196.95 ",2196.95,Nikon D780 Body
"$2,499.00 ",2299,"Canon EOS R6 Full-Frame Mirrorless Camera with 4K Video, Full-Frame CMOS Senor, DIGIC X Image Processor, Dual UHS-II SD Memory Card Slots, and Up to 12 fps with Mechnical Shutter, Body Only, Black"
$79.99 ,39.99,"Viseefocu Solar Security Cameras Wireless Outdoor for Home Security, Two Spotlights and 1080P Color Night Vision Battery Powered Camera with 2.4GHz WiFi, PIR, Two-Way Talk, IP66 Waterproof, Cloud/SD"
$69.99 ,47.99,"Security Cameras Wireless Outdoor, 1080P Battery Powered AI Motion Detection Spotlight Siren Alarm WiFi Surveillance Indoor Home Camera, Color Night Vision, 2-Way Talk, Waterproof, Cloud/SD Storage"
,39.98,"WYZE Cam Pan v3 Indoor/Outdoor IP65-Rated 1080p Pan/Tilt/Zoom Wi-Fi Smart Home Security Camera with Color Night Vision, 2-Way Audio, Compatible with Alexa & Google Assistant, White"
,,"Blink Outdoor - wireless, weather-resistant HD security camera, two-year battery life, motion detection, set up in minutes – 4 camera kit"
,,"Blink Mini – Compact indoor plug-in smart security camera, 1080p HD video, night vision, motion detection, two-way audio, easy set up, Works with Alexa – 3 cameras (Black)"
,,Nikon D3200 24.2 MP CMOS Digital SLR with 18-55mm f/3.5-5.6 AF-S DX NIKKOR Zoom Lens (Renewed)
$169.99 ,129.99,"Logitech for Creators StreamCam Premium Webcam for Streaming and Content Creation, Full HD 1080p 60 fps, Premium Glass Lens, Smart Auto-Focus, for PC/Mac – Graphite"
,18.68,Replacement for Mac Book Pro Charger，Mac Book Pro 13 Inch Display AC 60W Magnetic Shape Connector Power Adapter（Before Mid 2012）
,449,"HP 15.6"" Laptop with Intel 4-core CPU, 15.6"" HD LED Display, Intel Quad-core Processor, Bluetooth and Wi-Fi, HDMI, Long Battery Life, Windows 11 Home in S Mode(16GB RAM | 1TB SSD)"
,529.99,"2022 Newest HP Laptop with Microsoft Office Included 1-Year, 15.6"" HD Screen, AMD Athlon 3050U 16GB RAM 1TB SSD HDMI Port Webcam Gold White Windows 11 | College Student Bundle, ROKC HDMI Cable"
$889.99 ,719.99,"HP 2022 Newest Touch-Screen Laptops for College Student & Business, 15.6 inch HD Computer, Intel 11th Core i5-1135G7, 32GB RAM, 1TB SSD, Fast Charge, HDMI, Webcam, Wi-Fi, Windows 11, LIONEYE MP"
"$1,189.99 ",1031.99,"Lenovo - Legion 5 - Gaming Laptop - AMD Ryzen 7 5800H - 16GB RAM - 512GB Storage - NVIDIA GeForce RTX 3050Ti - 15.6"" FHD Display - Windows 11 Home - Phantom Blue"
,,Gateway Newest Touchscreen 11.6 HD 2-in-1 Convertible Laptop in Black Intel N4020 4GB RAM 64GB SSD Mini-HDMI Webcam Windows 10 S (Renewed)
,702.46,"2022 HP Victus Gaming Laptop, 15.6-Inch 144Hz FHD Display, 12th Gen Core i5-12450H(Beat R7 5800H), 16GB 3200 RAM, 1TB PCIe SSD, NVIDIA GeForce GTX 1650, WiFi 6, Backlit KB, RJ-45, HDMI, Win 11 H"
$499.00 ,260.95,"Microsoft Surface Laptop Go 12.4"" Touchscreen Laptop PC, Intel Quad-Core i5-1035G1, 4GB RAM, 64GB eMMC, Webcam, Win 10 Pro, Bluetooth, Online Class Ready - Platinum"
,28.88,GK5KY 11.1V 43WH Laptop Battery for Dell Inspiron 11 (3147/3148)/13 (7347/7348/7352) Series 4-Cell Laptop Battery 4K8YH 0WF28 P20T 092NCT
"$2,599.99 ",2084.99,"Razer Blade 14 Gaming Laptop: AMD Ryzen 9 6900HX CPU - NVIDIA GeForce RTX 3070 Ti - 14"" QHD 165Hz - 16GB DDR5 RAM - 1TB PCIe SSD - Windows 11 - Ultra-Thin - CNC Aluminum - Chroma RGB"
,519,"Lenovo Ideapad 3 15.6"" FHD Home and Business Laptop AMD Ryzen 5 5500U 6 Cores Integrated AMD Radeon 7 Graphics 8GB RAM DDR4 256GB SSD 82KU003NUS"
,449,"HP 2022 14"" HD Display Laptop, AMD Ryzen 3-3250U, 32GB RAM, 512GB PCIe SSD, AMD Radeon Graphics, True Vision HD Camera, Bluetooth, Windows 11 S, Silver, 32GB Snow Bell USB Card"
$319.99 ,299.99,"Lenovo C340 2-in-1 (81T9000VUS) Chromebook, 15.6"" FHD Touch Display, Intel Core i3-8130U Upto 3.4GHz, 4GB RAM, 64GB eMMC, Wi-Fi, Bluetooth, Chrome OS"
,199.99,"Lenovo 2022 Upgraded Ideapad 1i Laptops, 14 inch HD Computer, Intel Celeron N4020, 4GB RAM, 128GB SSD(64GB SSD+64GB Card), 1-Year Office 365, Webcam, Wi-Fi, Bluetooth, Windows 11, LIONEYE HDMI Cable"
$849.99 ,546,"Acer Swift 3 Intel Evo Thin & Light Laptop, 14"" Full HD, Intel Core i7-1165G7, Iris Xe Graphics, 8GB LPDDR4X, 256GB NVMe SSD, Wi-Fi 6, Fingerprint Reader, Back-lit KB, SF314-59-75QC"
,789.99,"Acer Aspire 5 15.6"" 60Hz FHD Laptop (Intel i7-1165G7 4-Core, 36GB RAM, 1TB PCIe SSD, Intel Iris Xe, Backlit KYB, FP, WiFi 6, BT 5.2, Webcam, Ethernet LAN (RJ-45), Win 11 Home) with Hub"
,199,"Lenovo 14"" IdeaPad 1 Laptop, Intel Dual-core Processor, 14"" HD Display, 4GB RAM, Wi-Fi 6 and Bluetooth, HDMI, SD Card Reader, Windows 11 Home in S Mode (256GB SSD Storage)"
$159.99 ,99,"Plugable USB 3.0 Universal Laptop Docking Station for Windows and Mac (Dual Monitor: HDMI and DVI/HDMI/VGA, Gigabit Ethernet, Audio, 6 USB Ports) - Horizontal"
$499.00 ,419,"Acer 2023 Newest Aspire 5 15.6"" FHD IPS Slim Laptop, Intel Core i3-1115G4(Up to 4.1GHz), 20GB RAM, 512GB NVMe SSD, WiFi 6, USB, RJ-45, Webcam, Amazon Alexa, Windows 11 S, w/GM Accessories"
,149,"Lenovo IdeaPad 1 14 Laptop, 14.0"" HD Display, Intel Celeron N4020, 4GB RAM, 64GB Storage, Intel UHD Graphics 600, Win 11 in S Mode, Cloud Grey"
,399,"Lenovo Ideapad 15.6"" HD Laptop, Athlon Silver 3050U 2.3 GHz (Beats i3-1005G1) Dual-core Processor, 20GB RAM, 1TB PCIE SSD, WiFi, Webcam, Bluetooth, Win 11 S, Cloud Grey, JVQ"
$449.99 ,349.99,"Lenovo 15.6"" IdeaPad Laptop (Latest Model), AMD Athlon Dual Core Processor, 8GB RAM, 640GB SSD (128GB eMMC+512GB PCIe SSD), Webcam, HDMI, WiFi 6, USB Type-C, Long Battery Life, NLY MP, Windows 11"
,25.99,"SP 512GB SSD 3D NAND A55 SLC Cache Performance Boost SATA III 2.5"" 7mm (0.28"") Internal Solid State Drive (SP512GBSS3A55S25)"
,46.99,"SP 1TB SSD 3D NAND A55 SLC Cache Performance Boost SATA III 2.5"" 7mm (0.28"") Internal Solid State Drive (SP001TBSS3A55S25)"
,17.99,"SP 256GB SSD 3D NAND A55 SLC Cache Performance Boost SATA III 2.5"" 7mm (0.28"") Internal Solid State Drive (SP256GBSS3A55S25)"
,87.99,"fanxiang S101 2TB SSD SATA III 6Gb/s 2.5"" Internal Solid State Drive, Read Speed up to 550MB/sec, Compatible with Laptop and PC Desktops(Black)"
,799,"VectoTech Rapid 8TB External SSD USB-C Portable Solid State Drive (USB 3.1 Gen 2) – Up to 540MB/s Data Transfer, 3D NAND Flash"
$92.99 ,87.99,"Silicon Power 2TB SSD 3D NAND A55 SLC Cache Performance Boost SATA III 2.5"" 7mm (0.28"") Internal Solid State Drive (SP002TBSS3A55S25)"
$89.99 ,52.99,"Crucial BX500 1TB 3D NAND SATA 2.5-Inch Internal SSD, up to 540MB/s - CT1000BX500SSD1"
$109.99 ,57.99,"Western Digital 1TB WD Blue SN570 NVMe Internal Solid State Drive SSD - Gen3 x4 PCIe 8Gb/s, M.2 2280, Up to 3,500 MB/s - WDS100T3B0C"
$94.99 ,74.99,"SAMSUNG T7 Portable SSD 500GB - Up to 1050MB/s - USB 3.2 External Solid State Drive, Blue (MU-PC500H/AM)"
$299.99 ,223.99,"LaCie Rugged SSD 1TB Solid State Drive — USB-C USB 3.2 NVMe speeds up to 1050MB/s, IP67 Water Resistant, 3m Drop resistant, Encryption, 5-year Warranty with Data Recovery, 1 Mo Adobe CC (STHR1000800)"
$661.00 ,569,"Microsoft Surface Pro X - 13"" Touchscreen - Microsoft SQ® 2 - 16GB Memory - 256GB SSD - WiFi - Platinum (Latest Model)"
$199.99 ,119.99,"Crucial X6 2TB Portable SSD – Up to 800MB/s – USB 3.2 – External Solid State Drive, USB-C - CT2000X6SSD9"
$349.99 ,239.99,"Crucial MX500 4TB 3D NAND SATA 2.5 Inch Internal SSD, up to 560MB/s - CT4000MX500SSD1"
$219.99 ,219.99,"SanDisk 2TB Extreme PRO Portable SSD - Up to 2000MB/s - USB-C, USB 3.2 Gen 2x2 - External Solid State Drive - SDSSDE81-2T00-G25"
$38.99 ,18.76,"PNY CS900 250GB 3D NAND 2.5"" SATA III Internal Solid State Drive (SSD) - (SSD7CS900-250-RB)"
,339,"Intel NUC 11 Gen Mini PC Celeron N5105 Mini Computers,8GB DDR4 500GB M.2 SSD Portable Computer Support 4K UHD, 2.4G/5.0G Dual Wi-Fi, LAN for Business Home Education"
$19.99 ,14.52,"RAOYI 5 Pack 32GB USB Flash Drive, USB 2.0 Memory Stick Thumb Drives Jump Drive Pen Drive for PC Laptop Computer - 32G Multipack"
$67.99 ,46.99,TEAMGROUP T-Force Vulcan Z 1TB SLC Cache 3D NAND TLC 2.5 Inch SATA III Internal Solid State Drive SSD (R/W Speed up to 550/500 MB/s) T253TZ001T0C101
$49.99 ,29.99,TEAMGROUP MS30 512GB with SLC Cache 3D NAND TLC M.2 2280 SATA III 6Gb/s Internal Solid State Drive SSD (Read/Write Speed up to 530/430 MB/s) Compatible with Laptop & PC Desktop TM8PS7512G0C101
$42.99 ,26.99,TEAMGROUP AX2 512GB 3D NAND TLC 2.5 Inch SATA III Internal Solid State Drive SSD (Read Speed up to 540 MB/s) Compatible with Laptop & PC Desktop T253A3512G0C101
$849.99 ,598.13,"SAMSUNG 870 QVO SATA III 2.5"" SSD 8TB (MZ-77Q8T0B)"
$129.99 ,64.99,"WD_BLACK 1TB SN770 NVMe Internal Gaming SSD Solid State Drive - Gen4 PCIe, M.2 2280, Up to 5,150 MB/s - WDS100T3X0E"
$679.99 ,579,"HP Pavilion Desktop PC, 12th Gen Intel Core i5-12400, 8 GB RAM, 512 GB SSD, Windows 11 Home, Wi-Fi 6 & Bluetooth, 9 USB Ports, Wired Keyboard & Mouse Combo, Pre-Built PC Tower (TP01-3050, 2022)"
,1189,"Lenovo IdeaCentre 5 Gaming Desktop, Intel Core i7-12700 Processor, GeForce RTX 3060, 32GB RAM, 512GB SSD + 1TB HDD, RJ45, HDMI, DP, Wired KB & Mouse, Wi-Fi 6, Windows 11 Home"
$879.99 ,699,"HP Pavilion Desktop PC, 12th Gen Intel Core i7-12700, 12 GB SDRAM, 512 GB SSD, Windows 11 Home, Wi-Fi 6 & Bluetooth, 9 USB Ports, Wired Keyboard & Mouse Combo, Pre-Built PC Tower (TP01-3070, 2022)"
,,"HP EliteDesk 800 G3 Mini Business Desktop PC Intel Quad-Core i5-6500T up to 3.1G,16G DDR4,256G SSD,VGA,DP Port,Windows 10 Professional 64 Bit-Multi-Language-English/Spanish (Renewed)"
,,"Dell Optiplex 3050 SFF Desktop Computer PC, Intel Quad Core i5-6500 up to 3.6GHz, 16GB DDR4, 256GB SSD, WiFi, 4K Support, DP, HDMI,Windows 10 Pro 64 Bit English/Spanish/French(Renewed)"
$834.99 ,749.97,"HP Pavilion Desktop PC, AMD Ryzen 7 5700G, 16 GB RAM, 512 GB SSD, Windows 11 Pro, Wi-Fi 5 & Bluetooth Connectivity, 9 USB Ports, Wired Mouse and Keyboard Combo, Pre-Built Tower (TP01-2022, 2021)"
"$1,259.99 ",1145.59,"Dell XPS 8950 Desktop Computer - 12th Gen Intel Core i7-12700, 32GB DDR5 RAM, 512GB SSD + 1TB HDD, Intel UHD 770 Graphics, Killer Wi-Fi 6, Air Cooling, USB-C, Bluetooth, Windows 11 Pro - Black"
,859.99,"HP Newest Pavilion TP01 Desktop Computer, AMD Ryzen 7-5700G (Beats i9-10900), AMD Radeon, DVD Writer, Wireless, 9 USB Ports, HDMI, Bluetooth, Windows 11 Home (32GB RAM | 1 TB PCIe SSD)"
,829.99,"HP Envy Desktop, 12th Gen Intel Core i7-12700, 16 GB RAM, 512 GB SSD & 1 TB SATA Hard Drive, Windows 11 Pro, Wi-Fi & Bluetooth, Wired Keyboard & Mouse, Pre-Built PC Tower (TE01-3022, 2022)"
,399,"CHUWI CoreBox Mini PC, Windows 10 Mini Desktop Computers with Core i5-8259U Processors,16GB DDR4 RAM 512GB SSD, Up to 3.8GHz, Dual WiFi/Gigabit Ethernet /4K Decoding /BT4.2 /Auto Power On/WOL"
$749.99 ,679,Acer Aspire TC-1760-UR11 Desktop | 12th Gen Intel Core i5-12400 6-Core Processor | 16GB 3200MHz DDR4 | 512GB NVMe M.2 SSD | 8X DVD | Intel Wireless Wi-Fi 6E AX211 | Bluetooth 5.2 | Windows 11 Pro
,,"HP Elite Desktop PC Computer Intel Core i5 3.1-GHz, 8 gb Ram, 1 TB Hard Drive, DVDRW, 19 Inch LCD Monitor, Keyboard, Mouse, Wireless WiFi, Windows 10 (Renewed)"
,634,"Acer Aspire TC-895-UA92 Desktop, 10th Gen Intel Core i5-10400 6-Core Processor, 12GB 2666MHz DDR4, 512GB NVMe M.2 SSD, 8X DVD, 802.11ax Wi-Fi 6, USB 3.2 Type C, Windows 10 Home"
,,"Lenovo ThinkCentre M900 SFF Desktop Computer, Intel Core i7-6700 Upto 4.0GHz, 32GB RAM, 1TB SSD, 4K 2-Monitor Support DisplayPort, HDMI, DVD-RW, AC Wi-Fi, Bluetooth, TDL - Windows 10 Pro (RENEWED)"
,20.99,"GreenYellow Webcam for PC, USB Camera with Microphone Plug Play Built-in Mic Full Ultra HD 1080P Web Camera Video Cam Video Calling Conferencing Streaming for Desktop/Computer/Mac/Laptop/MacBook"
,1289,"Lenovo IdeaCentre 5 Gaming Desktop, 12th Gen Intel Core i7-12700 Processor, GeForce RTX 3060, 16GB RAM, 1TB PCIe SSD + 2TB HDD, RJ45, DP, HDMI, Wired KB & Mouse, Wi-Fi 6, Windows 11 Home, Black"
,,"HP Elite 800G1 Desktop Computer Package - Intel Quad Core i5 3.3GHz, 16GB RAM, 240GB SSD 2TB HDD, Windows 10 Pro, Dual 19 inch Monitors, Keyboard, Mouse (Renewed)"
,,"Dell Optiplex 7010 Desktop Computer - Intel Core i7 Up to 3.8GHz Max Turbo Frequency, 16GB DDR3, New 1TB SSD, Windows 10 Pro 64-Bit, WiFi, USB 3.0, DVDRW, 2X Display Port (Renewed)"
$44.99 ,39.99,"USB C Charger, KOVOL 65W 4-Port PD GaN III Desktop Charger USB C Charging Station with Dual USB C+Dual USB A Ports PPS 25W Super Fast Charging for Galaxy, iPhone, iPad Air/Pro, MacBook Pro/Air, Laptop"
,,HP Z840 AutoCAD Workstation 2X E5-2637 V3 8 Cores 16 Threads 3.5Ghz 128GB 250GB SSD 2TB Quadro K2200 Win 10 Pro (Renewed)
,,"HP EliteDesk 800 G2 Business Desktop, Intel Core i7 6700 3.4Ghz, 32GB DDR4 RAM, 1TB SSD Hard Drive, Windows 10 (Renewed)"
,74.99,"UBeesize Softbox Photography Lighting Kit, 30""X30"" Professional Softbox Lighting Kit with 2pcs 40W E26 Socket 8000K Bulbs, Continuous Lighting Kit for Portraits Advertising Shooting, Video Recording"
$89.99 ,82.99,"HPUSN Softbox Photography Lighting Kit 30""X30"" Professional Continuous Lighting System Photo Studio Equipment with 2pcs E27 Socket 5400K Bulbs for Portraits Advertising Shooting YouTube Video"
$89.99 ,80.99,"EMART Softbox Lighting Kit with Sandbag, 20""x28"" Soft Box Lights Photography Accessories with 2x105W E27 5500K Bulbs , Professional Camera Light Kit for Studio Video Recording, Filming, Podcast"
,129.99,"EMART 8.5x10ft Photography Backdrop Kit with 400W 5500K Daylight Umbrella Continuous Lighting Set, Black & White Backgrounds for Photo Studio Product, Photoshoot, Portrait Shoot"
$75.99 ,69.99,"PHOPIK Softbox Photography Lighting Kit: Photo Studio Equipment 30 x 30 inches with E27 60W 5400K Light Bulb and Adjustable Height Light Stand for Filming Video, Photo Shooting and Streaming"
$89.99 ,69.22,"Led Video Lighting Kit with Wand Stick - Photography Studio Light ,Adjustable Tripod Stand,Vallkay 9 Color Filters 5600K Dimmable Portable Stand for Live Streaming/Portrait Photo/ Vlog, Black (D4002)"
$39.99 ,27.99,"Neewer 2-Pack Dimmable 5600K USB LED Video Light with Adjustable Tripod Stand and Color Filters for Tabletop/Low-Angle Shooting, Zoom/Video Conference Lighting/Game Streaming/YouTube Video Photography"
,209.99,"NEEWER 2 Pack Bi Color 660 LED Video Light and Stand Kit: (2) 3200-5600K CRI 96+ Dimmable Light with U Bracket and Barndoor, (2) 75 inches Light Stand for Studio Photography, Video Recording (Black)"
,153.99,SH 2.6M x 3M/8.5ft x 10ft Photography Lighting Backdrops Stand Accessories Kit and 4 x 85W 5500K Bulbs Green Screen Umbrellas Softbox Continuous Light Kit for Photo Studio Portrait Video Shoot1
$231.99 ,231.99,"Dazzne D50 LED Video Light Panel Lights 15.4"", 2 Packs 45W 3000K-8000K Bi-Color Dimmable Photography Lighting, CRI 96+ Videography Lighting for Video Shooting/Web Conference/Gaming/Live Stream/YouTube"
$85.99 ,68.79,"RALENO Softbox Photography Lighting Kit 20""X28"" Photography Continuous Lighting System Photo Studio Equipment with 2pcs E27 Socket 5500K Bulb Photo Model Portraits Shooting Box"
,138.99,"ShowMaven Photography Lighting Kit, Softbox Light Kit with 6.5ft x 10ft Photography Backdrop Stand for Product Photography, Portrait Photography, Video Shooting Photography"
$219.99 ,174.99,LINCO Lincostore Photo Video Studio Light Kit AM169 - Including 3 Color Backdrops (Black/White/Green) Background Screen
,14.99,"Etekcity 24"" (60cm) 5-in-1 Photography Reflector Light Reflectors for Photography Multi-Disc Photo Reflector Collapsible with Bag - Translucent, Silver, Gold, White and Black"
$49.99 ,44.99,"13"" Selfie Ring Light with 63"" Stand and Phone Holder, 53 Lighting Modes, Remote, iPad Holder, Desk Tripod, RGB Ringlight for iPhone. Vlogging Circle Led Halo Light Content Creator Kit for Video Photo"
,32.99,2pcs 135W Light Bulb 5500K CFL Daylight Spiral Softbox Lighting Kit Bulb in E27 Socket for Photography Photo
